{"stats":{"minecraft:crafted":{"minecraft:oak_planks":28,"minecraft:crafting_table":1,"minecraft:stick":4,"minecraft:wooden_pickaxe":1},"minecraft:used":{"minecraft:apple":1,"minecraft:crafting_table":1,"minecraft:wooden_pickaxe":4},"minecraft:mined":{"minecraft:grass_block":2,"minecraft:oak_log":7,"minecraft:glass_pane":1,"minecraft:dirt":2,"minecraft:oak_leaves":8,"minecraft:yellow_bed":1},"minecraft:picked_up":{"minecraft:arrow":1,"minecraft:apple":1,"minecraft:oak_log":7,"minecraft:yellow_bed":1,"minecraft:dirt":3},"minecraft:custom":{"minecraft:time_since_rest":5931,"minecraft:crouch_one_cm":827,"minecraft:play_time":5931,"minecraft:sprint_one_cm":5112,"minecraft:damage_taken":210,"minecraft:walk_one_cm":33572,"minecraft:sneak_time":135,"minecraft:jump":70,"minecraft:damage_dealt":37,"minecraft:time_since_death":5931,"minecraft:total_world_time":5931,"minecraft:interact_with_crafting_table":3,"minecraft:talked_to_villager":1,"minecraft:fall_one_cm":418,"minecraft:fly_one_cm":3958}},"DataVersion":3953}