{"stats":{"minecraft:dropped":{"minecraft:paper":3},"minecraft:killed":{"minecraft:pig":2},"minecraft:used":{"minecraft:stone_sword":7,"minecraft:wooden_pickaxe":21,"minecraft:crafting_table":1,"minecraft:oak_sapling":1},"minecraft:crafted":{"minecraft:oak_planks":20,"minecraft:crafting_table":1,"minecraft:stick":8,"minecraft:wooden_pickaxe":1,"minecraft:stone_pickaxe":1,"minecraft:stone_sword":1},"minecraft:mined":{"minecraft:hay_block":2,"minecraft:white_bed":1,"minecraft:mossy_cobblestone":1,"minecraft:crafting_table":1,"minecraft:short_grass":6,"minecraft:oak_log":5,"minecraft:cobblestone":8,"minecraft:stone":6,"minecraft:oak_leaves":8},"minecraft:picked_up":{"minecraft:crafting_table":1,"minecraft:wooden_pickaxe":1,"minecraft:porkchop":3,"minecraft:oak_log":5,"minecraft:white_bed":1,"minecraft:mossy_cobblestone":1,"minecraft:wheat_seeds":1,"minecraft:hay_block":2,"minecraft:oak_sapling":1,"minecraft:cobblestone":14},"minecraft:custom":{"minecraft:time_since_rest":10087,"minecraft:sprint_one_cm":27202,"minecraft:damage_taken":145,"minecraft:walk_one_cm":23285,"minecraft:mob_kills":2,"minecraft:drop":1,"minecraft:damage_dealt":277,"minecraft:interact_with_crafting_table":2,"minecraft:fly_one_cm":22684,"minecraft:open_chest":1,"minecraft:crouch_one_cm":581,"minecraft:play_time":10087,"minecraft:sneak_time":106,"minecraft:jump":115,"minecraft:leave_game":4,"minecraft:time_since_death":10087,"minecraft:total_world_time":10087,"minecraft:fall_one_cm":2924}},"DataVersion":3953}