{"stats":{"minecraft:custom":{"minecraft:time_since_rest":84383,"minecraft:crouch_one_cm":2202,"minecraft:play_time":84383,"minecraft:sprint_one_cm":42530,"minecraft:damage_taken":40,"minecraft:walk_one_cm":29651,"minecraft:sneak_time":959,"minecraft:walk_under_water_one_cm":325,"minecraft:boat_one_cm":14430,"minecraft:jump":213,"minecraft:damage_dealt":30,"minecraft:leave_game":6,"minecraft:walk_on_water_one_cm":2308,"minecraft:time_since_death":84383,"minecraft:total_world_time":84383,"minecraft:swim_one_cm":1114,"minecraft:fall_one_cm":2198,"minecraft:fly_one_cm":202053},"minecraft:picked_up":{"minecraft:lever":2,"minecraft:redstone":8},"minecraft:used":{"minecraft:redstone_torch":7,"minecraft:spruce_boat":10,"minecraft:sticky_piston":1,"minecraft:lever":3,"minecraft:end_rod":1,"minecraft:oak_stairs":1,"minecraft:grass_block":2,"minecraft:spruce_slab":37,"minecraft:redstone":13,"minecraft:barrier":15,"minecraft:glass_pane":2,"minecraft:cooked_beef":1,"minecraft:sheep_spawn_egg":3}},"DataVersion":3953}