{"stats":{"minecraft:custom":{"minecraft:time_since_rest":96906,"minecraft:crouch_one_cm":2365,"minecraft:play_time":96906,"minecraft:sprint_one_cm":52459,"minecraft:damage_taken":40,"minecraft:walk_one_cm":32162,"minecraft:sneak_time":1111,"minecraft:walk_under_water_one_cm":325,"minecraft:boat_one_cm":14430,"minecraft:jump":236,"minecraft:damage_dealt":30,"minecraft:leave_game":7,"minecraft:walk_on_water_one_cm":2308,"minecraft:time_since_death":96906,"minecraft:total_world_time":96906,"minecraft:swim_one_cm":1114,"minecraft:fall_one_cm":2198,"minecraft:fly_one_cm":235708},"minecraft:picked_up":{"minecraft:wheat_seeds":2,"minecraft:lever":2,"minecraft:redstone":8},"minecraft:used":{"minecraft:redstone_torch":7,"minecraft:spruce_boat":10,"minecraft:sticky_piston":1,"minecraft:lever":3,"minecraft:end_rod":1,"minecraft:oak_stairs":1,"minecraft:grass_block":3,"minecraft:spruce_slab":37,"minecraft:redstone":13,"minecraft:barrier":15,"minecraft:glass_pane":2,"minecraft:cooked_beef":1,"minecraft:sheep_spawn_egg":3}},"DataVersion":3953}