{"stats":{"minecraft:custom":{"minecraft:jump":113,"minecraft:time_since_rest":56355,"minecraft:damage_taken":40,"minecraft:crouch_one_cm":223,"minecraft:leave_game":5,"minecraft:sprint_one_cm":15870,"minecraft:play_time":56355,"minecraft:time_since_death":56355,"minecraft:walk_on_water_one_cm":2308,"minecraft:walk_one_cm":8665,"minecraft:sneak_time":117,"minecraft:total_world_time":56355,"minecraft:walk_under_water_one_cm":325,"minecraft:swim_one_cm":1114,"minecraft:fall_one_cm":2198,"minecraft:fly_one_cm":166616},"minecraft:used":{"minecraft:glass_pane":2,"minecraft:cooked_beef":1}},"DataVersion":3953}