{"stats":{"minecraft:custom":{"minecraft:jump":80,"minecraft:time_since_rest":45247,"minecraft:damage_taken":40,"minecraft:crouch_one_cm":21,"minecraft:leave_game":4,"minecraft:sprint_one_cm":11608,"minecraft:play_time":45247,"minecraft:time_since_death":45247,"minecraft:walk_on_water_one_cm":1263,"minecraft:walk_one_cm":5751,"minecraft:sneak_time":37,"minecraft:total_world_time":45247,"minecraft:fall_one_cm":2198,"minecraft:fly_one_cm":115844},"minecraft:used":{"minecraft:cooked_beef":1}},"DataVersion":3953}