{"stats":{"minecraft:dropped":{"minecraft:wheat_seeds":1,"minecraft:wooden_pickaxe":4},"minecraft:killed":{"minecraft:pig":1,"minecraft:zombie":1,"minecraft:iron_golem":1},"minecraft:crafted":{"minecraft:oak_planks":16,"minecraft:crafting_table":1,"minecraft:stick":12,"minecraft:wooden_pickaxe":2,"minecraft:stone_pickaxe":1,"minecraft:stone_sword":1,"minecraft:stone_axe":1},"minecraft:used":{"minecraft:redstone_torch":7,"minecraft:spruce_boat":10,"minecraft:sticky_piston":1,"minecraft:lever":3,"minecraft:apple":2,"minecraft:end_rod":1,"minecraft:stone_sword":11,"minecraft:stone_pickaxe":5,"minecraft:grass_block":3,"minecraft:oak_stairs":1,"minecraft:spruce_slab":37,"minecraft:redstone":13,"minecraft:barrier":15,"minecraft:oak_planks":2,"minecraft:wooden_pickaxe":8,"minecraft:sheep_spawn_egg":3,"minecraft:rotten_flesh":1,"minecraft:stone_axe":25,"minecraft:cobblestone":1,"minecraft:crafting_table":1,"minecraft:glass_pane":2,"minecraft:cooked_beef":1},"minecraft:mined":{"minecraft:white_bed":1,"minecraft:crafting_table":1,"minecraft:short_grass":8,"minecraft:oak_log":18,"minecraft:cobblestone":13,"minecraft:oak_planks":2},"minecraft:picked_up":{"minecraft:crafting_table":1,"minecraft:wooden_pickaxe":2,"minecraft:porkchop":3,"minecraft:oak_log":16,"minecraft:white_bed":1,"minecraft:redstone":8,"minecraft:rotten_flesh":1,"minecraft:wheat_seeds":3,"minecraft:lever":2,"minecraft:iron_ingot":5,"minecraft:oak_planks":2,"minecraft:cobblestone":13},"minecraft:custom":{"minecraft:time_since_rest":1555,"minecraft:sprint_one_cm":81992,"minecraft:damage_taken":205,"minecraft:walk_one_cm":44275,"minecraft:mob_kills":3,"minecraft:drop":5,"minecraft:damage_dealt":1207,"minecraft:swim_one_cm":1114,"minecraft:interact_with_crafting_table":5,"minecraft:fly_one_cm":268877,"minecraft:open_chest":1,"minecraft:crouch_one_cm":3347,"minecraft:play_time":105337,"minecraft:sneak_time":1639,"minecraft:walk_under_water_one_cm":325,"minecraft:boat_one_cm":14430,"minecraft:jump":386,"minecraft:leave_game":9,"minecraft:time_since_death":105337,"minecraft:walk_on_water_one_cm":2308,"minecraft:sleep_in_bed":1,"minecraft:total_world_time":105337,"minecraft:fall_one_cm":5360}},"DataVersion":3953}