{"stats":{"minecraft:used":{"minecraft:cooked_beef":1},"minecraft:custom":{"minecraft:jump":69,"minecraft:time_since_rest":39288,"minecraft:walk_on_water_one_cm":1263,"minecraft:crouch_one_cm":21,"minecraft:play_time":39288,"minecraft:leave_game":4,"minecraft:sprint_one_cm":9406,"minecraft:damage_taken":40,"minecraft:time_since_death":39288,"minecraft:walk_one_cm":4427,"minecraft:sneak_time":27,"minecraft:total_world_time":39288,"minecraft:fall_one_cm":2198,"minecraft:fly_one_cm":105307}},"DataVersion":3953}