{"stats":{"minecraft:killed":{"minecraft:cow":1},"minecraft:custom":{"minecraft:jump":79,"minecraft:time_since_rest":5131,"minecraft:damage_dealt":100,"minecraft:leave_game":1,"minecraft:sprint_one_cm":7405,"minecraft:play_time":5131,"minecraft:time_since_death":5131,"minecraft:walk_one_cm":2260,"minecraft:sneak_time":10,"minecraft:total_world_time":5131,"minecraft:mob_kills":1,"minecraft:drop":2,"minecraft:fall_one_cm":1997,"minecraft:fly_one_cm":15256},"minecraft:mined":{"minecraft:short_grass":2,"minecraft:tall_grass":2},"minecraft:dropped":{"minecraft:leather":2},"minecraft:picked_up":{"minecraft:beef":2,"minecraft:leather":2},"minecraft:used":{"minecraft:short_grass":1}},"DataVersion":3953}